id,title,company,city,salary,body
1,sunt aut facere repellat provi - 后端开发,百度,南京,8860,"quia et suscipit
suscipit recusandae consequuntur expedita et cum
reprehenderit molestiae ut ut quas totam
nostrum rerum est autem sunt rem eveniet ar..."
2,qui est esse - 后端开发,华为,武汉,19284,"est rerum tempore vitae
sequi sint nihil reprehenderit dolor beatae ea dolores neque
fugiat blanditiis voluptate porro vel nihil molestiae ut reiciend..."
3,ea molestias quasi exercitatio - Python工程师,网易,广州,29962,"et iusto sed quo iure
voluptatem occaecati omnis eligendi aut ad
voluptatem doloribus vel accusantium quis pariatur
molestiae porro eius odio et labor..."
4,eum et est occaecati - Python工程师,京东,深圳,24023,"ullam et saepe reiciendis voluptatem adipisci
sit amet autem assumenda provident rerum culpa
quis hic commodi nesciunt rem tenetur doloremque ipsam iu..."
5,nesciunt quas odio - 后端开发,腾讯,杭州,10433,"repudiandae veniam quaerat sunt sed
alias aut fugiat sit autem sed est
voluptatem omnis possimus esse voluptatibus quis
est aut tenetur dolor neque..."
6,dolorem eum magni eos aperiam  - 后端开发,字节跳动,杭州,27769,"ut aspernatur corporis harum nihil quis provident sequi
mollitia nobis aliquid molestiae
perspiciatis et ea nemo ab reprehenderit accusantium quas
vol..."
7,magnam facilis autem - 后端开发,字节跳动,深圳,33658,"dolore placeat quibusdam ea quo vitae
magni quis enim qui quis quo nemo aut saepe
quidem repellat excepturi ut quia
sunt ut sequi eos ea sed quas..."
8,dolorem dolore est ipsam - 后端开发,百度,武汉,10747,"dignissimos aperiam dolorem qui eum
facilis quibusdam animi sint suscipit qui sint possimus cum
quaerat magni maiores excepturi
ipsam ut commodi dolor..."
9,nesciunt iure omnis dolorem te - Python工程师,小米,成都,27118,"consectetur animi nesciunt iure dolore
enim quia ad
veniam autem ut quam aut nobis
et est aut quod aut provident voluptas autem voluptas..."
10,optio molestias id quia eum - 后端开发,网易,深圳,9267,"quo et expedita modi cum officia vel magni
doloribus qui repudiandae
vero nisi sit
quos veniam quod sed accusamus veritatis error..."
11,et ea vero quia laudantium aut - Python工程师,华为,广州,11890,"delectus reiciendis molestiae occaecati non minima eveniet qui voluptatibus
accusamus in eum beatae sit
vel qui neque voluptates ut commodi qui incidu..."
12,in quibusdam tempore odit est  - Python工程师,网易,北京,29777,"itaque id aut magnam
praesentium quia et ea odit et ea voluptas et
sapiente quia nihil amet occaecati quia id voluptatem
incidunt ea est distinctio od..."
13,dolorum ut in voluptas molliti - 后端开发,小米,深圳,16433,"aut dicta possimus sint mollitia voluptas commodi quo doloremque
iste corrupti reiciendis voluptatem eius rerum
sit cumque quod eligendi laborum minim..."
14,voluptatem eligendi optio - 后端开发,华为,上海,31483,"fuga et accusamus dolorum perferendis illo voluptas
non doloremque neque facere
ad qui dolorum molestiae beatae
sed aut voluptas totam sit illum..."
15,eveniet quod temporibus - 后端开发,京东,杭州,22541,"reprehenderit quos placeat
velit minima officia dolores impedit repudiandae molestiae nam
voluptas recusandae quis delectus
officiis harum fugiat vita..."
16,sint suscipit perspiciatis vel - 后端开发,京东,上海,31939,"suscipit nam nisi quo aperiam aut
asperiores eos fugit maiores voluptatibus quia
voluptatem quis ullam qui in alias quia est
consequatur magni molliti..."
17,fugit voluptas sed molestias v - 后端开发,小米,成都,21417,"eos voluptas et aut odit natus earum
aspernatur fuga molestiae ullam
deserunt ratione qui eos
qui nihil ratione nemo velit ut aut id quo..."
18,voluptate et itaque vero tempo - 后端开发,网易,杭州,14873,"eveniet quo quis
laborum totam consequatur non dolor
ut et est repudiandae
est voluptatem vel debitis et magnam..."
19,adipisci placeat illum aut rei - 后端开发,小米,上海,41763,"illum quis cupiditate provident sit magnam
ea sed aut omnis
veniam maiores ullam consequatur atque
adipisci quo iste expedita sit quos voluptas..."
20,doloribus ad provident suscipi - 后端开发,网易,武汉,37127,"qui consequuntur ducimus possimus quisquam amet similique
suscipit porro ipsam amet
eos veritatis officiis exercitationem vel fugit aut necessitatibus..."
21,asperiores ea ipsam voluptatib - 后端开发,字节跳动,深圳,32253,"repellat aliquid praesentium dolorem quo
sed totam minus non itaque
nihil labore molestiae sunt dolor eveniet hic recusandae veniam
tempora et tenetur..."
22,dolor sint quo a velit explica - 后端开发,华为,武汉,16529,"eos qui et ipsum ipsam suscipit aut
sed omnis non odio
expedita earum mollitia molestiae aut atque rem suscipit
nam impedit esse..."
23,maxime id vitae nihil numquam - Python工程师,腾讯,武汉,29243,"veritatis unde neque eligendi
quae quod architecto quo neque vitae
est illo sit tempora doloremque fugit quod
et et vel beatae sequi ullam sed tenetur..."
24,autem hic labore sunt dolores  - Python工程师,字节跳动,杭州,10568,"enim et ex nulla
omnis voluptas quia qui
voluptatem consequatur numquam aliquam sunt
totam recusandae id dignissimos aut sed asperiores deserunt..."
25,rem alias distinctio quo quis - 后端开发,京东,深圳,13258,"ullam consequatur ut
omnis quis sit vel consequuntur
ipsa eligendi ipsum molestiae et omnis error nostrum
molestiae illo tempore quia et distinctio..."
26,est et quae odit qui non - 后端开发,阿里,武汉,20666,"similique esse doloribus nihil accusamus
omnis dolorem fuga consequuntur reprehenderit fugit recusandae temporibus
perspiciatis cum ut laudantium
omni..."
27,quasi id et eos tenetur aut qu - Python工程师,腾讯,南京,30662,"eum sed dolores ipsam sint possimus debitis occaecati
debitis qui qui et
ut placeat enim earum aut odit facilis
consequatur suscipit necessitatibus re..."
28,delectus ullam et corporis nul - 后端开发,腾讯,深圳,31599,"non et quaerat ex quae ad maiores
maiores recusandae totam aut blanditiis mollitia quas illo
ut voluptatibus voluptatem
similique nostrum eum..."
29,iusto eius quod necessitatibus - 后端开发,京东,成都,38818,"odit magnam ut saepe sed non qui
tempora atque nihil
accusamus illum doloribus illo dolor
eligendi repudiandae odit magni similique sed cum maiores..."
30,a quo magni similique perferen - 后端开发,阿里,成都,13056,"alias dolor cumque
impedit blanditiis non eveniet odio maxime
blanditiis amet eius quis tempora quia autem rem
a provident perspiciatis quia..."
31,ullam ut quidem id aut vel con - Python工程师,小米,南京,35266,"debitis eius sed quibusdam non quis consectetur vitae
impedit ut qui consequatur sed aut in
quidem sit nostrum et maiores adipisci atque
quaerat volup..."
32,doloremque illum aliquid sunt - 后端开发,网易,上海,14910,"deserunt eos nobis asperiores et hic
est debitis repellat molestiae optio
nihil ratione ut eos beatae quibusdam distinctio maiores
earum voluptates et..."
33,qui explicabo molestiae dolore - 后端开发,字节跳动,广州,8206,"rerum ut et numquam laborum odit est sit
id qui sint in
quasi tenetur tempore aperiam et quaerat qui in
rerum officiis sequi cumque quod..."
34,magnam ut rerum iure - Python工程师,百度,上海,30403,"ea velit perferendis earum ut voluptatem voluptate itaque iusto
totam pariatur in
nemo voluptatem voluptatem autem magni tempora minima in
est distinc..."
35,id nihil consequatur molestias - Python工程师,网易,南京,9678,"nisi error delectus possimus ut eligendi vitae
placeat eos harum cupiditate facilis reprehenderit voluptatem beatae
modi ducimus quo illum voluptas el..."
36,fuga nam accusamus voluptas re - 后端开发,华为,深圳,24198,"ad mollitia et omnis minus architecto odit
voluptas doloremque maxime aut non ipsa qui alias veniam
blanditiis culpa aut quia nihil cumque facere et o..."
37,provident vel ut sit ratione e - 后端开发,百度,成都,10693,"debitis et eaque non officia sed nesciunt pariatur vel
voluptatem iste vero et ea
numquam aut expedita ipsum nulla in
voluptates omnis consequatur aut..."
38,explicabo et eos deleniti nost - Python工程师,百度,深圳,33939,"animi esse sit aut sit nesciunt assumenda eum voluptas
quia voluptatibus provident quia necessitatibus ea
rerum repudiandae quia voluptatem delectus f..."
39,eos dolorem iste accusantium e - 后端开发,京东,广州,34105,"corporis rerum ducimus vel eum accusantium
maxime aspernatur a porro possimus iste omnis
est in deleniti asperiores fuga aut
voluptas sapiente vel dol..."
40,enim quo cumque - 后端开发,网易,北京,31776,"ut voluptatum aliquid illo tenetur nemo sequi quo facilis
ipsum rem optio mollitia quas
voluptatem eum voluptas qui
unde omnis voluptatem iure quasi m..."
41,non est facere - Python工程师,小米,广州,14776,"molestias id nostrum
excepturi molestiae dolore omnis repellendus quaerat saepe
consectetur iste quaerat tenetur asperiores accusamus ex ut
nam quidem..."
42,commodi ullam sint et exceptur - 后端开发,阿里,北京,29959,"odio fugit voluptatum ducimus earum autem est incidunt voluptatem
odit reiciendis aliquam sunt sequi nulla dolorem
non facere repellendus voluptates q..."
43,eligendi iste nostrum consequu - 后端开发,华为,成都,39968,"similique fugit est
illum et dolorum harum et voluptate eaque quidem
exercitationem quos nam commodi possimus cum odio nihil nulla
dolorum exercitatio..."
44,optio dolor molestias sit - 后端开发,京东,深圳,42766,"temporibus est consectetur dolore
et libero debitis vel velit laboriosam quia
ipsum quibusdam qui itaque fuga rem aut
ea et iure quam sed maxime ut di..."
45,ut numquam possimus omnis eius - 后端开发,京东,武汉,11304,"est natus reiciendis nihil possimus aut provident
ex et dolor
repellat pariatur est
nobis rerum repellendus dolorem autem..."
46,aut quo modi neque nostrum duc - 后端开发,字节跳动,成都,25675,"voluptatem quisquam iste
voluptatibus natus officiis facilis dolorem
quis quas ipsam
vel et voluptatum in aliquid..."
47,quibusdam cumque rem aut deser - 后端开发,阿里,上海,31664,"voluptatem assumenda ut qui ut cupiditate aut impedit veniam
occaecati nemo illum voluptatem laudantium
molestiae beatae rerum ea iure soluta nostrum
..."
48,ut voluptatem illum ea dolorib - Python工程师,字节跳动,武汉,34736,"voluptates quo voluptatem facilis iure occaecati
vel assumenda rerum officia et
illum perspiciatis ab deleniti
laudantium repellat ad ut et autem repr..."
49,laborum non sunt aut ut assume - 后端开发,小米,深圳,8854,"inventore ab sint
natus fugit id nulla sequi architecto nihil quaerat
eos tenetur in in eum veritatis non
quibusdam officiis aspernatur cumque aut com..."
50,repellendus qui recusandae inc - 后端开发,字节跳动,北京,29556,"error suscipit maxime adipisci consequuntur recusandae
voluptas eligendi et est et voluptates
quia distinctio ab amet quaerat molestiae et vitae
adipi..."
51,soluta aliquam aperiam consequ - 后端开发,小米,武汉,29919,"sunt dolores aut doloribus
dolore doloribus voluptates tempora et
doloremque et quo
cum asperiores sit consectetur dolorem..."
52,qui enim et consequuntur quia  - Python工程师,阿里,南京,20688,"iusto est quibusdam fuga quas quaerat molestias
a enim ut sit accusamus enim
temporibus iusto accusantium provident architecto
soluta esse reprehender..."
53,ut quo aut ducimus alias - 后端开发,华为,武汉,8197,"minima harum praesentium eum rerum illo dolore
quasi exercitationem rerum nam
porro quis neque quo
consequatur minus dolor quidem veritatis sunt non e..."
54,sit asperiores ipsam eveniet o - Python工程师,京东,南京,30671,"totam corporis dignissimos
vitae dolorem ut occaecati accusamus
ex velit deserunt
et exercitationem vero incidunt corrupti mollitia..."
55,sit vel voluptatem et non libe - Python工程师,阿里,深圳,23708,"debitis excepturi ea perferendis harum libero optio
eos accusamus cum fuga ut sapiente repudiandae
et ut incidunt omnis molestiae
nihil ut eum odit..."
56,qui et at rerum necessitatibus - Python工程师,阿里,深圳,14546,"aut est omnis dolores
neque rerum quod ea rerum velit pariatur beatae excepturi
et provident voluptas corrupti
corporis harum reprehenderit dolores el..."
57,sed ab est est - Python工程师,阿里,南京,19411,"at pariatur consequuntur earum quidem
quo est laudantium soluta voluptatem
qui ullam et est
et cum voluptas voluptatum repellat est..."
58,voluptatum itaque dolores nisi - 后端开发,字节跳动,深圳,27360,"veniam voluptatum quae adipisci id
et id quia eos ad et dolorem
aliquam quo nisi sunt eos impedit error
ad similique veniam..."
59,qui commodi dolor at maiores e - 后端开发,腾讯,南京,19111,"perspiciatis et quam ea autem temporibus non voluptatibus qui
beatae a earum officia nesciunt dolores suscipit voluptas et
animi doloribus cum rerum q..."
60,consequatur placeat omnis quis - Python工程师,字节跳动,深圳,29918,"asperiores sunt ab assumenda cumque modi velit
qui esse omnis
voluptate et fuga perferendis voluptas
illo ratione amet aut et omnis..."
61,voluptatem doloribus consectet - Python工程师,网易,广州,39065,"ab nemo optio odio
delectus tenetur corporis similique nobis repellendus rerum omnis facilis
vero blanditiis debitis in nesciunt doloribus dicta dolor..."
62,beatae enim quia vel - Python工程师,百度,深圳,10049,"enim aspernatur illo distinctio quae praesentium
beatae alias amet delectus qui voluptate distinctio
odit sint accusantium autem omnis
quo molestiae o..."
63,voluptas blanditiis repellendu - Python工程师,百度,成都,28932,"enim adipisci aspernatur nemo
numquam omnis facere dolorem dolor ex quis temporibus incidunt
ab delectus culpa quo reprehenderit blanditiis asperiores..."
64,et fugit quas eum in in aperia - 后端开发,网易,广州,15400,"id velit blanditiis
eum ea voluptatem
molestiae sint occaecati est eos perspiciatis
incidunt a error provident eaque aut aut qui..."
65,consequatur id enim sunt et et - Python工程师,京东,武汉,9154,"voluptatibus ex esse
sint explicabo est aliquid cumque adipisci fuga repellat labore
molestiae corrupti ex saepe at asperiores et perferendis
natus id..."
66,repudiandae ea animi iusto - Python工程师,京东,成都,20183,"officia veritatis tenetur vero qui itaque
sint non ratione
sed et ut asperiores iusto eos molestiae nostrum
veritatis quibusdam et nemo iusto saepe..."
67,aliquid eos sed fuga est maxim - Python工程师,京东,北京,13539,"reprehenderit id nostrum
voluptas doloremque pariatur sint et accusantium quia quod aspernatur
et fugiat amet
non sapiente et consequatur necessitatib..."
68,odio quis facere architecto re - Python工程师,小米,深圳,10557,"magnam molestiae perferendis quisquam
qui cum reiciendis
quaerat animi amet hic inventore
ea quia deleniti quidem saepe porro velit..."
69,fugiat quod pariatur odit mini - 后端开发,华为,北京,10961,"officiis error culpa consequatur modi asperiores et
dolorum assumenda voluptas et vel qui aut vel rerum
voluptatum quisquam perspiciatis quia rerum co..."
70,voluptatem laborum magni - 后端开发,腾讯,上海,10869,"sunt repellendus quae
est asperiores aut deleniti esse accusamus repellendus quia aut
quia dolorem unde
eum tempora esse dolore..."
71,et iusto veniam et illum aut f - Python工程师,字节跳动,杭州,36643,"occaecati a doloribus
iste saepe consectetur placeat eum voluptate dolorem et
qui quo quia voluptas
rerum ut id enim velit est perferendis..."
72,sint hic doloribus consequatur - 后端开发,小米,北京,33876,"quam occaecati qui deleniti consectetur
consequatur aut facere quas exercitationem aliquam hic voluptas
neque id sunt ut aut accusamus
sunt consectetu..."
73,consequuntur deleniti eos quia - Python工程师,京东,武汉,41986,"voluptatem cumque tenetur consequatur expedita ipsum nemo quia explicabo
aut eum minima consequatur
tempore cumque quae est et
et in consequuntur volu..."
74,enim unde ratione doloribus qu - 后端开发,京东,北京,12555,"odit qui et et necessitatibus sint veniam
mollitia amet doloremque molestiae commodi similique magnam et quam
blanditiis est itaque
quo et tenetur rat..."
75,dignissimos eum dolor ut enim  - 后端开发,网易,成都,25429,"commodi non non omnis et voluptas sit
autem aut nobis magnam et sapiente voluptatem
et laborum repellat qui delectus facilis temporibus
rerum amet et ..."
76,doloremque officiis ad et non  - 后端开发,小米,成都,11436,"ut animi facere
totam iusto tempore
molestiae eum aut et dolorem aperiam
quaerat recusandae totam odio..."
77,necessitatibus quasi exercitat - Python工程师,阿里,武汉,38746,"modi ut in nulla repudiandae dolorum nostrum eos
aut consequatur omnis
ut incidunt est omnis iste et quam
voluptates sapiente aliquam asperiores nobis..."
78,quam voluptatibus rerum verita - 后端开发,字节跳动,成都,13600,"nobis facilis odit tempore cupiditate quia
assumenda doloribus rerum qui ea
illum et qui totam
aut veniam repellendus..."
79,pariatur consequatur quia magn - Python工程师,京东,杭州,16208,"libero accusantium et et facere incidunt sit dolorem
non excepturi qui quia sed laudantium
quisquam molestiae ducimus est
officiis esse molestiae iste..."
80,labore in ex et explicabo corp - Python工程师,华为,成都,25453,"ex quod dolorem ea eum iure qui provident amet
quia qui facere excepturi et repudiandae
asperiores molestias provident
minus incidunt vero fugit rerum..."
81,tempora rem veritatis voluptas - Python工程师,百度,广州,41828,"facere qui nesciunt est voluptatum voluptatem nisi
sequi eligendi necessitatibus ea at rerum itaque
harum non ratione velit laboriosam quis consequunt..."
82,laudantium voluptate suscipit  - Python工程师,小米,北京,8699,"ut libero sit aut totam inventore sunt
porro sint qui sunt molestiae
consequatur cupiditate qui iste ducimus adipisci
dolor enim assumenda soluta labo..."
83,odit et voluptates doloribus a - Python工程师,华为,南京,43743,"est molestiae facilis quis tempora numquam nihil qui
voluptate sapiente consequatur est qui
necessitatibus autem aut ipsa aperiam modi dolore numquam
..."
84,optio ipsam molestias necessit - 后端开发,阿里,武汉,34641,"sint molestiae magni a et quos
eaque et quasi
ut rerum debitis similique veniam
recusandae dignissimos dolor incidunt consequatur odio..."
85,dolore veritatis porro provide - Python工程师,小米,南京,8569,"similique sed nisi voluptas iusto omnis
mollitia et quo
assumenda suscipit officia magnam sint sed tempora
enim provident pariatur praesentium atque a..."
86,placeat quia et porro iste - Python工程师,京东,成都,15455,"quasi excepturi consequatur iste autem temporibus sed molestiae beatae
et quaerat et esse ut
voluptatem occaecati et vel explicabo autem
asperiores pa..."
87,nostrum quis quasi placeat - 后端开发,腾讯,南京,24538,"eos et molestiae
nesciunt ut a
dolores perspiciatis repellendus repellat aliquid
magnam sint rem ipsum est..."
88,sapiente omnis fugit eos - Python工程师,字节跳动,上海,35751,"consequatur omnis est praesentium
ducimus non iste
neque hic deserunt
voluptatibus veniam cum et rerum sed..."
89,sint soluta et vel magnam aut  - Python工程师,小米,广州,13801,"repellat aut aperiam totam temporibus autem et
architecto magnam ut
consequatur qui cupiditate rerum quia soluta dignissimos nihil iure
tempore quas e..."
90,ad iusto omnis odit dolor volu - Python工程师,腾讯,广州,37592,"minus omnis soluta quia
qui sed adipisci voluptates illum ipsam voluptatem
eligendi officia ut in
eos soluta similique molestias praesentium blanditii..."
91,aut amet sed - Python工程师,腾讯,深圳,32376,"libero voluptate eveniet aperiam sed
sunt placeat suscipit molestias
similique fugit nam natus
expedita consequatur consequatur dolores quia eos et pl..."
92,ratione ex tenetur perferendis - Python工程师,字节跳动,深圳,20039,"aut et excepturi dicta laudantium sint rerum nihil
laudantium et at
a neque minima officia et similique libero et
commodi voluptate qui..."
93,beatae soluta recusandae - Python工程师,小米,武汉,33547,"dolorem quibusdam ducimus consequuntur dicta aut quo laboriosam
voluptatem quis enim recusandae ut sed sunt
nostrum est odit totam
sit error sed sunt ..."
94,qui qui voluptates illo iste m - 后端开发,百度,南京,40097,"aspernatur expedita soluta quo ab ut similique
expedita dolores amet
sed temporibus distinctio magnam saepe deleniti
omnis facilis nam ipsum natus sin..."
95,id minus libero illum nam ad o - 后端开发,网易,南京,41621,"earum voluptatem facere provident blanditiis velit laboriosam
pariatur accusamus odio saepe
cumque dolor qui a dicta ab doloribus consequatur omnis
co..."
96,quaerat velit veniam amet cupi - 后端开发,网易,上海,30677,"in non odio excepturi sint eum
labore voluptates vitae quia qui et
inventore itaque rerum
veniam non exercitationem delectus aut..."
97,quas fugiat ut perspiciatis ve - Python工程师,字节跳动,成都,12777,"eum non blanditiis soluta porro quibusdam voluptas
vel voluptatem qui placeat dolores qui velit aut
vel inventore aut cumque culpa explicabo aliquid a..."
98,laboriosam dolor voluptates - 后端开发,阿里,成都,10491,"doloremque ex facilis sit sint culpa
soluta assumenda eligendi non ut eius
sequi ducimus vel quasi
veritatis est dolores..."
99,temporibus sit alias delectus  - Python工程师,华为,武汉,11051,"quo deleniti praesentium dicta non quod
aut est molestias
molestias et officia quis nihil
itaque dolorem quia..."
100,at nam consequatur ea labore e - 后端开发,百度,南京,8876,"cupiditate quo est a modi nesciunt soluta
ipsa voluptas error itaque dicta in
autem qui minus magnam et distinctio eum
accusamus ratione error aut..."
